<?xml version="1.0" encoding="UTF-8"?>
<faces-config xmlns="http://xmlns.jcp.org/xml/ns/javaee" xmlns:xsi="http://www.w3.org/2001/XMLSchema-instance"
    xsi:schemaLocation="http://xmlns.jcp.org/xml/ns/javaee http://xmlns.jcp.org/xml/ns/javaee/web-facesconfig_2_2.xsd" version="2.2">

	<application>
		<el-resolver>org.springframework.web.jsf.el.SpringBeanFacesELResolver</el-resolver>
	</application>

	<lifecycle>
		<phase-listener>org.springframework.web.jsf.DelegatingPhaseListenerMulticaster</phase-listener>
	</lifecycle>

	<factory>
		<exception-handler-factory>com.indracompany.treinamento.exception.AplicacaoExceptionHandlerFactory</exception-handler-factory>
	</factory>

	<application>
		<action-listener>org.primefaces.application.DialogActionListener</action-listener>
		<navigation-handler>org.primefaces.application.DialogNavigationHandler</navigation-handler>
		<view-handler>org.primefaces.application.DialogViewHandler</view-handler>
		<locale-config>
			<default-locale>pt_BR</default-locale>
		</locale-config>
		<resource-bundle>
			<base-name>messages</base-name>
			<var>msg</var>
		</resource-bundle>
		<message-bundle>messages</message-bundle>
	</application>

</faces-config>